,id,url,title
0,t3_873iz8,https://www.thedailybeast.com/rick-santorum-to-student-activists-dont-march-learn-cpr?ref=home,"Rick Santorum to Student Activists: Don't March, Learn CPR"
1,t3_872dh1,https://www.theguardian.com/world/2018/mar/25/jehovahs-witnesses-accused-of-silencing-victims-of-child-abuse-uk,Jehovah's Witnesses accused of silencing victims of child abuse
2,t3_871f9l,https://www.cnn.com/2018/03/25/us/us-veteran-deported-to-mexico/index.html,US Army veteran who served two tours in Afghanistan has been deported to Mexico
3,t3_873m9g,http://www.foxnews.com/us/2018/03/25/man-sucker-punches-5-year-old-in-face-on-new-york-city-subway-cops.html,Man sucker punches 5-year-old in face on New York City subway
4,t3_871nxt,https://www.riverfronttimes.com/newsblog/2018/03/23/billy-busch-anheuser-busch-heir-charged-with-assaulting-6th-grader-at-basketball-practice,"Billy Busch, Anheuser-Busch Heir, Charged With Assaulting 6th Grader at Basketball Practice"
5,t3_86zwi8,https://news.sky.com/story/france-terror-attack-hero-policeman-married-hours-before-he-died-11303626,France terror attack: Hero policeman married hours before he died
6,t3_870ec6,https://www.reuters.com/article/us-religion-easter-pope-palmsunday/keep-shouting-dont-become-anesthetized-pope-tells-young-people-idUSKBN1H10E3,"Keep shouting, don't become anesthetized, pope tells young people"
7,t3_873vqo,https://www.theguardian.com/world/2018/mar/25/fire-in-siberian-shopping-mall-leaves-at-least-37-people-dead,Fire in Siberian shopping mall leaves at least 37 people dead
8,t3_875z4t,http://money.cnn.com/2018/03/25/news/companies/remington-bankruptcy/index.html,"Remington, one of America's oldest gun makers, files for bankruptcy"
9,t3_870x6i,http://www.omaha.com/outdoors/rare-whooping-crane-one-of-perhaps-only-in-the-world/article_eebfcaaa-4fd6-571d-9c60-8456d3ac3fda.html,Rare whooping crane — one of perhaps only 450 in the world — spotted near North Platte
10,t3_872h3d,https://www.usatoday.com/story/news/politics/2018/03/25/congress-gives-police-other-countries-easier-access-u-s-data-raising-privacy-concerns/452782002/,"Congress gives police in other countries easier access to U.S. data, raising privacy concerns"
11,t3_871ad6,http://pix11.com/2018/03/23/wrongfully-accused-man-released-after-spending-3-years-in-rikers/,Wrongfully accused man released after spending 3 years in Rikers
12,t3_871pqh,https://news.sky.com/story/chinese-space-station-to-crash-to-earth-on-easter-sunday-11304133,Chinese space station to crash to Earth on Easter Sunday
13,t3_871kp5,https://www.independent.co.uk/news/world/europe/drunk-pilot-flight-cancelled-100-passengers-stranded-stuttgart-tap-portugal-a8272506.html,"Drunk pilot removed from cockpit before takeoff leaving 100 passengers stranded Co-pilot on TAP Air Portugal flight seen walking unsteadily and smelling of alcohol, and has since had his flying licence suspended"
14,t3_873vap,http://english.alarabiya.net/en/News/gulf/2018/03/26/Saudi-Arabia-intercepts-missile-above-northeast-Riyadh.html,Saudi air defense intercept missile over Riyadh
15,t3_875ncg,http://mainepublic.org/post/more-states-move-end-tampon-tax-thats-seen-discriminating-against-women#stream/0,More States Move To End 'Tampon Tax' That's Seen As Discriminating Against Women
16,t3_875qm3,https://www.thedailybeast.com/the-mormon-church-must-learn-from-metoo,The Mormon Church is feeling the heat from sexual cover-ups
17,t3_8727br,https://www.telegraph.co.uk/news/2018/03/25/businessmen-working-russia-china-told-avoid-honeytraps/,Businessmen working in Russia and China told to avoid honeytraps
18,t3_87202o,http://www.cbc.ca/news/canada/aggregateiq-aiq-brexit-vote-leave-beleave-whistleblower-1.4592056,"Canadian firm AggregateIQ used to sidestep Brexit campaign spending limits, whistleblower alleges"
19,t3_871gco,https://www.news18.com/news/world/20-kids-taken-into-uk-state-care-over-parents-isis-links-report-1699331.html,20 Kids Taken Into UK State Care Over Parents' ISIS Links
20,t3_872h5b,https://www.elpasotimes.com/story/news/crime/2018/03/23/woman-gets-life-capital-murder-afghanistan-war-veteran-during-drug-robbery/454957002/?from=new-cookie,Woman gets life in capital murder of Afghanistan war veteran during drug robbery
21,t3_86zz4c,https://www.nbcbayarea.com/news/california/ACLU-Urges-Greyhound-to-Stop-Letting-Federal-Agents-on-Board-to-Conduct-Immigration-Sweeps-477722453.html,ACLU Urges Greyhound to Stop Letting Federal Agents on Board to Conduct Immigration Sweeps
22,t3_875jai,http://denver.cbslocal.com/2018/03/21/community-homeless-tiny-home/,Community Helps Homeless Man Build Tiny Home: ‘It Gets To Be Mine’
23,t3_871yho,https://www.thenewsstar.com/story/news/2018/03/21/angola-shakedown-guards-having-sex-prisoners/444684002/,"Angola guards having sex with inmates, smuggling drugs into prison"
24,t3_871znn,http://www.ksla.com/story/37797703/arkansas-jail-housing-200-roosters-as-cockfighting-evidence,Arkansas jail housing 200 roosters as cockfighting evidence
25,t3_875yza,https://www.independent.co.uk/news/world/africa/south-africa-white-farmers-eff-mbuyiseni-ndlozi-anc-interview-a8271096.html,"South Africa: Taking farms from whites is justified because 'it's not really their land', says EFF spokesman"
26,t3_86xqz2,https://www.reuters.com/article/us-usa-guns/no-more-or-we-vote-you-out-students-lead-huge-u-s-anti-gun-rallies-idUSKBN1H00BI?feedType=RSS&amp;feedName=domesticNews,'No more' or we vote you out: students lead huge U.S. anti-gun rallies
27,t3_875kaw,http://denver.cbslocal.com/2018/03/21/r-word-state-statutes/,‘R’ Word Banned From Hundreds of State Statutes On World Down Syndrome Day
28,t3_872ve3,https://news.sky.com/story/police-officer-with-serious-injures-after-sword-attack-11304166,Police officer left with 'serious injuries' after Manchester sword attack
29,t3_873evv,https://globalnews.ca/news/4104546/west-virginia-firefighters-killed/,2 West Virginia firefighters killed trying to reach fatal wreck - National
30,t3_86y9lq,http://losangeles.cbslocal.com/2018/03/23/la-ambitious-proposal-housing-every-homeless-person/,LA Considers Ambitious Proposal To Provide Housing For Every Homeless Person
31,t3_875dqy,https://www.reuters.com/article/us-global-markets/asian-shares-stumble-as-trade-war-fears-roil-global-markets-idUSKBN1H201V?utm_campaign=trueAnthem:+Trending+Content&amp;utm_content=5ab84ac204d30151ad1e0a3a&amp;utm_medium=trueAnthem&amp;utm_source=twitter,Asian shares stumble as trade war fears roil global markets
32,t3_86vkdj,http://money.cnn.com/2018/03/24/news/economy/restaurants-tips-spending-bill/index.html,"Few noticed, but Congress just banned restaurants from skimming tips"
33,t3_875fk1,https://www.thestar.com/news/world/2018/03/22/one-of-worlds-rarest-animals-born-in-jerusalem-zoo.html,One of world’s rarest animals born in Jerusalem zoo
34,t3_875onf,http://www.arabnews.com/node/1273566/saudi-arabia,Saudi air defense forces shoot down 7 Houthi missiles fired by Houthi militia
35,t3_86wfwx,https://www.lionsroar.com/dalai-lama-cancels-all-foreign-travel-due-to-age-and-exhaustion/,Dalai Lama cancels all foreign travel due to age and exhaustion
36,t3_8737bc,http://www.dw.com/en/thousands-of-africans-protest-israels-mass-deportation-plan/a-43120203,Thousands of Africans protest Israel's mass deportation plan
37,t3_86vl9i,https://www.independent.co.uk/news/world/americas/water-slide-boy-verr-ckt-child-death-decapitation-designers-no-qualifications-schlitterbahn-a8272036.html,Designers of water slide that decapitated boy 'had no technical qualifications'
38,t3_875j8z,http://www.starherald.com/news/local_news/former-kimball-hotel-managers-sentenced-to-prison-in-human-trafficking/article_1a5e2905-93eb-5172-be93-7b014989b67c.html,Former Kimball hotel managers sentenced to prison in human trafficking case involving nephew
39,t3_86z5lx,http://fox4kc.com/2018/03/23/court-documents-detail-allegations-of-negligence-in-design-of-schlitterbahn-water-slide-that-killed-10-year-old/,Director of Operations for the world's tallest waterslide faces 20 felony charges in connection to death of 10 year old boy who died while riding it
40,t3_873q3p,http://www.bbc.co.uk/news/world-europe-43531272,France gun attack: Trèbes held memorial Mass for victims
41,t3_872idt,https://www.local10.com/news/florida/miami-dade/2-arrested-in-connection-with-armed-robbery-of-uber-driver-in-northwest-miami-dade,2 arrested in connection with armed robbery of Uber driver in northwest Miami-Dade
42,t3_8714m6,http://www.bbc.com/news/world-europe-43533804,'Orange snow' baffles eastern European
43,t3_86whlk,http://wwmt.com/news/i-team/old-practices-fuel-health-concerns-as-health-officials-look-into-cancer-concerns,Small Michigan town with high rates of cancer and rare diseases looking at factory waste as the cause.
44,t3_8726jk,http://www.straitstimes.com/asia/south-asia/their-uighur-wives-have-vanished-in-china-dragnet-say-pakistani-businessmen,"Their Uighur wives have vanished in China dragnet, say Pakistani businessmen"
45,t3_873uxg,http://newyork.cbslocal.com/2018/02/28/brooklyn-phone-robbery/,"Police: Suspect Throws Teen Girl To The Ground, Runs Off With Her iPhone In Brooklyn"
46,t3_870avd,https://apnews.com/c97739bf3f974b7690a24856e949630e,Police: Officer shot knife-wielding man in NYC Whole Foods
47,t3_870o5i,http://www.foxnews.com/us/2018/03/25/texas-volunteers-find-severed-head-at-lake-police-say.html,Texas volunteers find severd head at lake.
48,t3_86zxxk,https://www.independent.co.uk/news/world/asia/elephant-smoking-video-india-nature-reserve-eating-charcoal-a8272126.html?amp,Elephant caught 'smoking' on camera leaves scientists baffled
49,t3_86sorm,https://www.chron.com/news/houston-texas/texas/article/Father-who-tried-to-sell-daughter-for-sex-to-12777791.php?ipid=happening,Father gets 60 years for trying to sell 4-year-old daughter for sex
50,t3_86sxtc,https://www.cnn.com/2018/03/24/europe/france-trebes-officer-dead/index.html,French officer who swapped places with a hostage in terror attack dies
51,t3_87628d,http://www.jpost.com/Middle-East/Syria-has-continued-developing-nuclear-program-Arab-site-says-547102,"Syria has continued developing nuclear program, Arab site says"
52,t3_8703do,http://www.bbc.com/news/world-europe-43532217,Carles Puigdemont: Former Catalan president 'detained' - BBC News
53,t3_8720dx,https://www.deseretnews.com/article/900013391/federal-appeals-court-upholds-utahs-controversial-election-law.html,Federal appeals court upholds Utah's controversial election law
54,t3_86vfe1,http://abcnews.go.com/US/wireStory/dallas-area-pastor-99-years-boys-starvation-death-53987304?cid=clicksource_4380645_1_hero_headlines_headlines_hed,Pastor gets 99 years in boy's starvation death
55,t3_86t8k8,https://www.theguardian.com/us-news/live/2018/mar/24/march-for-our-lives-protest-gun-violence-washington,March for Our Lives: hundreds of thousands demand end to gun violence – live
56,t3_8713pz,https://www.reuters.com/article/us-facebook-cambridge-analytica-apology/facebooks-zuckerberg-says-sorry-to-britons-with-newspaper-apology-ads-idUSKBN1H10AF,Facebook's Zuckerberg says sorry to Britons with newspaper apology ads
57,t3_8719g8,https://www.reuters.com/article/us-pope-china-taiwan/as-vatican-and-china-talk-taiwan-looks-on-nervously-idUSKBN1H107U,"As Vatican and China talk, Taiwan looks on nervously"
58,t3_86u170,https://www.hindustantimes.com/india-news/gujarat-man-gets-life-term-for-raping-impregnating-14-year-old-daughter/story-LMdVAJdQSBctn0OFglktVP.html,"35-year-old Man gets life term for raping, impregnating 14-year-old daughter"
59,t3_8718wl,https://www.catholicnewsagency.com/news/cardinal-tong-says-opposing-vatican-china-deal-is-unreasonable-67705,Cardinal Tong says opposing Vatican-China deal is 'unreasonable'
60,t3_86tdr8,http://www.kusi.com/black-lives-matter-protesters-block-sacramento-freeway-after-shooting-of-unarmed-black-man/,Black Lives Matter protesters block Sacramento freeway after shooting of unarmed black man
61,t3_86yd0k,https://www.ctvnews.ca/sci-tech/self-taught-rocket-scientist-launches-himself-570-metres-into-the-sky-1.3857534,Self-taught rocket scientist launches himself 570 metres into the sky
62,t3_8766iy,http://money.cnn.com/2018/03/25/technology/uber-grab-deal-southeast-asia/index.html,Uber is selling its Southeast Asia business to rival Grab
63,t3_86vzmg,https://www.eastbaytimes.com/2018/03/23/arroyo-high-school-placed-on-lockdown-friday-afternoon/,"Three students in custody, one found with firearm at Arroyo High School"
64,t3_86u2kq,https://www.sltrib.com/news/2018/03/23/as-youtube-bans-firearms-demonstrations-utah-firm-launching-its-own-pro-gun-video-platform/,"As YouTube bans firearms demonstrations, Utah firm launching its own pro-gun video platform"
65,t3_86zmg0,https://edition.cnn.com/2018/03/25/sport/cricket-australia-ball-tampering-intl/index.html?adkey=bn,Australia cricket captain resigns over ball tampering scandal
66,t3_86tays,http://time.com/5213857/daylight-saving-time-in-florida-bill/,FL Gov. Rick Scott signed off on legislation that would allow the state of Florida to remain on daylight saving time year-round.
67,t3_86w35h,http://www.bbc.co.uk/news/uk-england-oxfordshire-41608602,Oxford men guilty of sexual exploitation 'on a massive scale'
68,t3_86zqb0,http://www.rudaw.net/english/middleeast/iran/25032018,"Iran looks to China, Russia after ‘provocative’ US sanctions"
69,t3_86xjfn,http://wreg.com/2018/03/22/suspects-accused-of-raping-teen-posting-video-of-the-attack-on-facebook/,"Suspects accused of raping teen, posting video of the attack on Facebook"
70,t3_86vald,https://pitchfork.com/news/killer-mike-defends-gun-ownership-in-new-nra-video/,Killer Mike Defends Gun Ownership in New NRA Video
71,t3_86z245,https://www.cbsnews.com/news/mark-conditt-austin-bombing-suspect-psychopath-michael-mccaul/,"Austin bombing suspect called himself a ""psychopath,"" congressman says"
72,t3_86w73h,https://www.wsbtv.com/news/local/high-school-basketball-standout-sentenced-for-robbing-91-year-old-woman/720087451,High school basketball standout sentenced for robbing 91-year-old woman
73,t3_86te45,https://www.wsbtv.com/news/local/gwinnett-county/mother-crashed-car-into-pole-to-prove-to-kids-god-is-real-police-say/720719823,"Mother crashed car into pole to prove to kids God is real, police say"
74,t3_86y8et,http://www.orlandosentinel.com/news/fl-school-shooting-meadow-pollack-family-snub-20180324-story.html,Parkland shooting victim's brother says he was not allowed to speak at the March for Our Lives
75,t3_870ugg,https://tribuneweek.com/tumblr-blames-russia-used-its-platform-for-fake-news-during-us-elections/,Tumblr Blames Russia Used its platform for fake news during US Elections
76,t3_86xwe9,https://www.telegraph.co.uk/science/2018/03/25/lab-accidentally-created-city-180000-mice-experimented-without/,"Lab accidentally created 'city' of 180,000 mice and experimented on them without permission"
77,t3_86qex3,https://www.denverpost.com/2018/03/22/colorado-alternative-energy-storage/,Colorado among first states to give consumers the right to store energy from alternative sources. A new right — the ability to store energy without discrimination in rates or excessive barriers in connecting to the grid
78,t3_86x88e,https://www.mysanantonio.com/news/local/article/BCSO-Runaway-local-teen-was-abused-with-hot-oil-12777938.php,"BCSO: Runaway local teen was abused with hot oil, broomsticks for refusing arranged marriage"
79,t3_86q3ez,https://www.cbsnews.com/news/white-house-announces-ban-on-most-transgender-service-members/,White House announces ban on most transgender service members
80,t3_86yv6v,https://apnews.com/0d31d8346d8844939161be12614e61a5?utm_campaign=SocialFlow&amp;utm_source=Twitter&amp;utm_medium=AP&amp;__twitter_impression=true,British editor in UAE gets 10 years for wife's slaying
81,t3_86tjvp,http://www.foxnews.com/lifestyle/2018/03/22/utah-legalizes-free-range-parenting.html,Utah legalizes 'free-range parenting'
82,t3_86yyty,https://www.desmoinesregister.com/story/news/2018/03/24/creston-iowa-sharp-family-died-gas-asphyxiation-mexico-according-mexican-authorities/456500002/,Iowa family reported missing found dead in Mexico condominium
83,t3_86skx3,https://www.theguardian.com/books/2018/mar/20/waterstones-foyles-wh-smith-amazon-racist-books-on-websites,Booksellers remove racist and Holocaust denial titles from their websites
84,t3_86y6d6,https://www.telegraph.co.uk/news/2018/03/24/american-brasher-doubloon-gold-coin-struck-1787-sold-5-million/,American Brasher Doubloon gold coin struck in 1787 sold for more than $5 million
85,t3_86wej2,http://www.pennlive.com/news/2018/03/deportation_looms_for_man_who.html,"Deportation looms for man who admitted drugging, molesting 74-year-old West Shore woman"
86,t3_86wuj9,http://www.orlandosentinel.com/news/breaking-news/os-clemente-aguirre-recksiedler-hearing-20180312-story.html,Judge accused of bias won't step aside in re-trial of man sentenced to death in 2004 stabbings
87,t3_86stwx,https://www.nytimes.com/2018/03/24/business/wells-fargo-whistleblower-duke-tran.html,The Former Khmer Rouge Slave Who Blew the Whistle on Wells Fargo
88,t3_86vgov,http://www.foxnews.com/us/2018/03/24/wife-who-aided-illegal-immigrant-husband-in-slayings-2-sheriffs-deputies-gets-50-years.html,Wife who aided illegal immigrant husband in slayings of 2 sheriff's deputies gets 50 years
89,t3_86ws1n,https://www.thestar.com/news/gta/2018/03/23/tenants-say-flimsy-law-opens-door-to-renovictions.html,Tenants say ‘flimsy’ law opens door to ‘renovictions’
90,t3_86tjsg,http://www.grubstreet.com/2018/03/whole-foods-layoffs-reportedly-hit-marketing-team.html,Whole Foods Ends the Week With a Round of Layoffs
91,t3_86vcqz,http://indianexpress.com/article/cities/guwahati/in-assam-nagaon-11-year-old-gangraped-burnt-alive-two-juveniles-arrested-5109859/,"In Assam’s Nagaon, 11-year-old gangraped, burnt alive; two juveniles arrested"
92,t3_86se92,https://www.reuters.com/article/us-usa-trade-wto/u-s-steel-tariffs-meet-barrage-of-criticism-at-wto-idUSKBN1GZ1XI,U.S. steel tariffs meet barrage of criticism at WTO
93,t3_86ssa2,https://www.tennessean.com/story/news/local/davidson/2018/03/22/woman-says-nashville-nonprofit-leader-masturbated-front-her-federal-lawsuit/445756002/,Woman says Nashville nonprofit leader 'masturbated in front of her' in federal lawsuit
94,t3_86p2ki,https://www.theguardian.com/news/2018/mar/23/judge-grants-search-warrant-for-cambridge-analyticas-offices,Investigators raid offices of Cambridge Analytica after search warrant granted
95,t3_86nnt3,https://www.thewrap.com/mark-zuckerberg-has-lost-10-billion-in-the-last-week/,Mark Zuckerberg’s Net Worth Has Dropped $10 Billion in the Last Week
96,t3_86vu4g,http://www.republicworld.com/india-news/general-news/7-year-old-cancer-patient-becomes-mumbai-cop-for-a-day,7-year-old Cancer Patient becomes Mumbai Cop for a Day
97,t3_86xx9f,http://www.goerie.com/news/20180324/3-dead-in-apparent-double-homicide-suicide-in-erie,"3 dead in apparent double homicide, suicide in Erie"
98,t3_86w2ai,http://www.sandiegouniontribune.com/news/courts/sd-me-banda-case-20180323-story.html,"Case dismissed against unauthorized immigrant accused of felony DUI, hit and run"
99,t3_86z1j4,https://www.reuters.com/article/us-china-defence/china-air-force-drills-again-in-south-china-sea-western-pacific-idUSKBN1H103L,"China air force drills again in South China Sea, Western Pacific"
100,t3_86y18m,http://www.foxnews.com/us/2018/03/21/youth-soccer-league-probing-slurs-choking-girl-by-adult.html,Girl reportedly choked by parent in soccer match fight
101,t3_86y0ut,http://www.bbc.com/news/world-europe-43530154,Eurovision: First winner Lys Assia dies aged 94
102,t3_86ujal,http://abcnews.go.com/International/wireStory/pakistani-court-frees-20-killing-christian-couple-case-53984541,"Pakistani court frees 20 in killing of Christian couple case, were suspected of involvement in the lynching and burning alive of a Christian couple accused of blasphemy in 2014"
103,t3_86m1me,https://www.theverge.com/2018/3/23/17156402/elon-musk-deleted-tesla-and-spacex-facebook-pages-twitter-challenge,Elon Musk has deleted Tesla and SpaceX’s Facebook Pages after Twitter Challenge
104,t3_86ndkm,https://www.sfgate.com/business/article/Craigslist-ends-personal-ads-after-Congress-12776432.php?utm_campaign=reddit-desktop&amp;utm_source=CMS%20Sharing%20Button&amp;utm_medium=social,Craigslist ends personal ads after Congress passes anti-prostitution bill
105,t3_86v5cg,https://www.washingtonpost.com/news/education/wp/2018/03/22/students-push-back-on-clear-plastic-backpack-rule-at-marjory-stoneman-douglas-high/?utm_term=.5a48474c7af1,Students push back on clear plastic backpack rule at Marjory Stoneman Douglas High
106,t3_86q1fo,https://www.nbcnews.com/video/fatal-sacramento-shooting-police-chief-doesn-t-know-why-officers-turned-off-body-camera-audio-1192536131580,Fatal Sacramento shooting: Police chief doesn’t know why officers turned off body camera audio
107,t3_86ra2f,https://www.usatoday.com/story/news/nation-now/2018/03/23/passengers-take-over-greyhound-bus-stop-drowsy-driver/455199002/,Passengers take over Greyhound bus to stop drowsy driver
108,t3_86r2gr,https://news.avclub.com/chilling-legal-documents-reveal-just-how-shitty-the-pl-1824040852,"Chilling legal documents reveal just how shitty the ""planning"" behind lethal ""world's tallest"" waterslide really was"
109,t3_86ukbt,http://www.foxnews.com/us/2018/03/24/drivers-crash-fiery-death-at-travis-air-force-base-has-investigators-stumped.html,"Driver's crash, fiery death at Travis Air Force Base have investigators stumped"
110,t3_86tp3g,http://www.bbc.com/news/world-australia-43519439,Hamelin Bay: Nearly 150 beached whales die in Australia - BBC News
111,t3_86nz73,https://www.washingtonpost.com/investigations/attorney-says-roy-moore-supporters-offered-him-10000-to-drop-client-who-accused-the-senate-candidate-of-sexual-impropriety/2018/03/23/6d875f2c-02e3-11e8-93f5-53a3a47824e8_story.html,"Attorney says Roy Moore supporters offered him $10,000 to drop client who accused the Senate candidate of sexual impropriety"
112,t3_86rlu7,https://news.cgtn.com/news/31517a4d306b7a6333566d54/share.html,White House looks into reducing Chinese student visas
113,t3_86teha,http://nbc4i.com/2018/03/22/former-university-of-cincinnati-officer-ray-tensing-will-receive-344230-in-back-pay-legal-fees/,"Ex-officer charged with murder receives $344,000 settlement from the University of Cincinnati"
114,t3_86wgnq,https://www.reuters.com/article/us-libya-security-usa/u-s-says-killed-two-terrorists-in-southern-libya-air-strike-idUSKBN1H00PW?feedType=RSS&amp;feedName=worldNews&amp;utm_source=Twitter&amp;utm_medium=Social&amp;utm_campaign=Feed%3A+Reuters%2FworldNews+%28Reuters+World+News%29,U.S. says killed two 'terrorists' in southern Libya air strike
115,t3_86t4ro,http://www.bbc.com/news/newsbeat-43526392,Apple wants to introduce new emojis for disabled people
116,t3_86tfpt,https://www.nytimes.com/reuters/2018/03/23/technology/23reuters-usa-georgia-cyber.html,Atlanta Ransomware Attack Throws City Services Into Disarray
117,t3_86sig6,https://www.nbcdfw.com/news/local/Man-Arrested-in-Connection-with-Murder-of-81-Year-Old-Woman-477694563.html,"Man Charged in Murder of Woman, 81, 'Multiple' Victims Suspected and Hundreds of Cases Are Under Review"
118,t3_86t8p0,https://www.al.com/news/birmingham/index.ssf/2018/03/birmingham_police_officer_char_3.html,Birmingham police officer charged with 2 felony crimes
119,t3_86t53e,http://www.nysl.nysed.gov/libdev/opioid/index.html,Combatting the Opioid Epidemic: New York Libraries Save Lives
120,t3_86tqwg,https://www.news18.com/news/india/aadhaar-data-protected-by-13-feet-high-5-feet-thick-walls-attorney-general-to-sc-1696269.html,Indian Attorney General says data of citizens is protected by 13 feet high walls.
121,t3_86rg6j,http://mobile.abc.net.au/news/2018-03-24/robotic-t-rex-bursts-into-flames-at-us-theme-park/9583148,Robotic T Rex bursts into flames at US theme park - ABC News
122,t3_86j6gv,https://www.apnews.com/88f4568f781e44a7ba7e73e2e3206ad3/US-Postal-Service-to-unveil-Mister-Rogers-postage-stamp,US Postal Service to unveil Mister Rogers postage stamp
123,t3_86qvmr,http://www.sacbee.com/news/nation-world/national/article206200979.html,"Father who gave baby girl 28 rib fractures wanted a son instead, Ohio prosecutor says"
124,t3_86pebc,http://www.latimes.com/local/lanow/la-me-homeless-collapse-oc-20180322-story.html,O.C.'s grand homeless plan collapsing as residents balk at having shelters in their neighborhoods
125,t3_86ngc3,http://www.tulsaworld.com/homepagelatest/new-petition-seeks-to-put-recreational-marijuana-on-november-ballot/article_621e0396-1f75-5d0e-b60e-bfbfb74944c2.html,New petition seeks to put recreational marijuana on November ballot in Oklahoma
126,t3_86q4a1,http://time.com/5210976/instagram-chronological-feed-algorithm-changes/,Instagram Is Making a Big Change and Now New Posts Will Show Up First Again
127,t3_86ndo4,https://www.wired.com/story/california-net-neutrality-bill-would-go-beyond-original-protections/,California Net Neutrality Bill Would Go Beyond Original Protections
128,t3_86jrnj,http://www.bbc.co.uk/news/world-europe-43512791,Hostages taken at a supermarket after shots fired near Montpellier in southern France
129,t3_875vr4,http://www.foxnews.com/us/2018/03/25/march-for-our-lives-dc-crowd-smaller-than-organizers-estimates-imaging-company-says.html,"March for Our Lives DC crowd smaller than organizers' estimates 850k, imaging company says 202,796"
130,t3_86ks2q,http://www.omaha.com/columnists/hansen/hansen-omaha-man-liked-a-tweet-and-then-he-lost/article_74b9021a-3753-5b33-b096-f0af3c8372d6.html,"Omaha man ‘liked’ a tweet, and then he lost his dream job"
131,t3_86kxgw,https://www.cbsnews.com/news/rod-rosenstein-makes-cyber-law-announcement-live-updates/,"Rod Rosenstein announces indictment of Iranians for ""conspiring"" to hack U.S. entities"
132,t3_86qi03,https://www.sfexaminer.com/sfo-terminal-renamed-honor-harvey-milk/,SFO terminal to be renamed in honor of Harvey Milk
133,t3_86nivw,https://www.ajc.com/news/national/police-tell-man-congratulations-that-felony-after-arrest-impersonating-marshal-charge/q8G171vWhCIOOfpEpwptBI/,"Police tell man ‘Congratulations, that’s a felony’ after arrest on impersonating US Marshal charge"
134,t3_86sdcx,"http://english.ahram.org.eg/NewsContent/1/64/293381/Egypt/Politics-/BREAKING-Bombing-in-Egypts-Alexandria-one-killed,-.aspx",Bombing in Egypt Alexandria: one police officer killed and four others injured
135,t3_86jrmf,http://www.bbc.com/news/world-asia-43500299,"Russia 'arming the Afghan Taliban', says US"
136,t3_86sacc,https://www.aljazeera.com/news/2018/03/egypt-explosion-rocks-alexandria-stanley-neighbourhood-180324095410138.html,Egypt: Explosion in Alexandria's Stanley Neighbourhood
137,t3_86kpa2,http://www.news.com.au/finance/economy/world-economy/south-african-politician-says-australia-is-a-racist-country-farmers-should-leave-the-keys-when-they-go/news-story/e98607c4fa66d30d9b2731aa30e2a956,"South Africa farm attacks: Australia a ‘racist country’, Julius Malema says"
138,t3_86r03m,http://www.abc.net.au/news/2018-03-24/tropical-cyclone-nora-to-reach-category-four-queensland/9582386,Tropical Cyclone Nora expected to reach category four before hitting Queensland
139,t3_86plkx,https://www.chron.com/neighborhood/bellaire/news/article/Driver-hits-several-people-in-Montrose-parking-lot-12772851.php,"Driver charged with murder after allegedly ramming car into crowd in Montrose, killing young nurse"
140,t3_86mde0,http://www.kcci.com/article/mexican-news-source-4-americans-found-dead-in-tourist-complex/19576621,Iowan family that went missing in Mexico confirmed dead
141,t3_86lk8q,http://fox13now.com/2018/03/22/woman-who-accused-former-mtc-leader-of-sexual-assault-will-pursue-a-civil-lawsuit-against-the-lds-church/,Woman who accused former MTC leader of sexual assault will pursue a civil lawsuit against the LDS Church
142,t3_86pva4,http://www.espn.com/nfl/story/_/id/22885911/eagles-defensive-end-michael-bennett-indicted-injury-elderly-paraplegic-incident-super-bowl,Eagles' Michael Bennett indicted in Texas on felony charge of injury to the elderly
143,t3_86lzs8,https://www.seattletimes.com/nation-world/state-and-local-officials-say-near-end-of-rape-kit-backlog/,"A backlog of rape kits in Oregon is a year away from being eliminated following the passage of a state law mandating quicker testing, officials say."
144,t3_86kll7,http://www.sciencemag.org/news/2018/03/nasa-clean-room-contaminated-fungus,NASA ‘clean’ room is contaminated with fungus
145,t3_86gz24,http://www.kansascity.com/latest-news/article206165144.html,"Cop sucked suicidal man's toes and sexually assaulted him at hospital, Chicago police say"
146,t3_86fro6,https://www.thedailybeast.com/national-security-adviser-hr-mcmaster-to-resign-will-be-replaced-by-john-bolton,"National Security Adviser H.R. McMaster Resigns, Will Be Replaced by John Bolton"
147,t3_86n6h5,https://www.cincinnati.com/story/money/2018/03/23/report-kroger-target-flirt-mega-merger/452447002/,"Report: Kroger, Target flirt with mega-merger"
148,t3_86nj4b,https://www.thedailybeast.com/michigan-kindergartener-was-sodomized-and-photographed-nude-by-classmates-lawsuit,Michigan Kindergartener Was Sodomized and Photographed Nude by Classmates: Lawsuit
149,t3_86p1wa,https://apnews.com/6e76d9f5d6cd4b64bf7833e554c5323d/Indictment:-Waterslide-in-fatal-accident-was-'deadly-weapon',Indictment: Waterslide in fatal accident was 'deadly weapon'
150,t3_86qe8b,http://www.govexec.com/management/2018/03/long-proprietary-congressional-research-reports-will-now-be-made-public/146918/,Long-Proprietary Congressional Research Reports Will Now Be Made Public
151,t3_86rfwe,https://www.whitehouse.gov/briefings-statements/president-donald-j-trump-unveiling-america-first-national-space-strategy/,White House unveils ‘America First’ national space strategy
152,t3_86mxgw,https://www.cbsnews.com/news/france-hostage-situation-trebes-grocery-store-cop-swaps-himself-for-hostage-2018-03-23-live-updates/,"French police officer shot after swapping himself for hostage, officials say"
153,t3_86pvbd,http://www.bbc.com/news/technology-43523286,Uber crash - Sensor firm 'baffled' by self-driving death
154,t3_86j9s1,https://themoscowtimes.com/news/protests-rock-russian-town-after-over-50-children-poisoned-landfill-gas-60905,Protests Rock Russian Town After Over 50 Children Poisoned by Landfill Gas
155,t3_86joij,https://www.cbsnews.com/news/massive-blaze-on-nyc-movie-set-kills-firefighter/,"Massive blaze on set of Edward Norton, Bruce Willis movie kills firefighter"
156,t3_86mcd9,https://www.sfgate.com/chris-mcginnis/article/United-offers-traveler-10-000-to-get-off-plane-12774724.php,"United pays passenger $10,000 to get off plane"
157,t3_86ogzi,https://www.thedailybeast.com/two-americans-among-seven-westerners-killed-by-turkish-forces-in-syria,Two Americans Among Seven Westerners Killed by Turkish Forces in Syria
158,t3_86nqhz,http://www.foxnews.com/us/2018/03/23/man-celebrating-96g-settlement-with-hookers-robbed-cash.html,Man celebrating $96G settlement with hookers robbed of cash
159,t3_86qx7q,https://www.reuters.com/article/us-northkorea-missiles-southkorea/south-korea-says-north-agrees-to-hold-summit-preparation-talks-on-march-29-idUSKBN1H0045,South Korea says North agrees to hold summit preparation talks on March 29
160,t3_86nmuq,http://www.lji.org/news-events/news/post/western-diet-depletes-artery-protecting-immune-cells/,Western diet depletes artery-protecting immune cells
161,t3_86kf62,http://wnep.com/2018/03/22/superintendent-says-students-are-armed-with-rocks-in-case-of-a-school-shooting/,PA school district's answer to school shooters: arm each classroom with 5 gallon bucket of river rocks
162,t3_86k2w6,http://www.mlive.com/news/saginaw/index.ssf/2018/03/police_raiding_saginaw_diocese.html,"Police raiding Saginaw diocese, bishop's home in priest sex abuse probe"
163,t3_86lb85,https://www.theverge.com/2018/3/22/17131004/cloud-act-congress-omnibus-passed-mlat,House passes controversial legislation giving the US more access to overseas data
164,t3_86om60,http://www.sacbee.com/news/state/california/article206385859.html,Court: California colleges have duty to protect students
165,t3_86q4zs,https://navajotimes.com/reznews/county-ordered-to-hold-elections-using-new-districts/,San Juan County (Utah) ordered to hold elections using new districts
166,t3_86ojw3,http://www.cbc.ca/news/canada/british-columbia/anti-pipeline-protest-elizabeth-may-kennedy-stewart-1.4587631,Canadian Federal Green Party Leader Elizabeth May arrested at anti-pipeline protest
167,t3_86pgx1,https://www.theguardian.com/world/2018/mar/23/heroic-gendarme-swapped-places-with-hostage-in-french-attack,'Heroic' gendarme fights for life after latest police attack
168,t3_86njav,https://www.wftv.com/news/local/ex-police-sgt-sentenced-for-making-downloading-child-porn-in-patrol-car-computer/720476736,"Ex-police sgt. sentenced for making, downloading child porn in patrol car computer"
169,t3_86ku6t,http://www.woodtv.com/news/kent-county/lawsuit-kindergartners-sexually-assaulted-classmate/1066513048,Lawsuit: Kindergartners sexually assaulted classmate
170,t3_86enh7,https://www.theverge.com/2018/3/21/17147838/facebook-south-korea-slowing-user-internet-connections-reroute,South Korea fines Facebook $369K for slowing user internet connections
171,t3_86pkyf,http://www.abc.net.au/news/2018-03-22/chinese-students-angered-by-visa-processing-delays/9574838,Chinese students angered by visa delays as state media issues 'red alert' to not enrol in Australia
172,t3_86lefk,https://abcnews.go.com/Technology/wireStory/report-loss-plants-animals-making-lonelier-planet-53961351,"UN reports see a lonelier planet with fewer plants, animals"
173,t3_86muxn,https://news.usni.org/2018/03/23/u-s-warship-sails-past-disputed-south-china-sea-artificial-island-freedom-navigation-mission,U.S. Warship Sails Past Disputed South China Sea Artificial Island in Freedom of Navigation Mission
174,t3_86d4xd,https://www.usatoday.com/story/tech/talkingtech/2018/03/22/firefox-maker-mozilla-stop-facebook-advertising-because-data-scandal/448849002/,Firefox maker Mozilla to stop Facebook advertising because of data scandal
175,t3_86e4xj,http://money.cnn.com/2018/03/22/news/companies/toys-r-us-founder-obituary/index.html,Toys 'R' Us founder Charles Lazarus dies
176,t3_86gyiu,https://wtop.com/maryland/2018/03/16-year-old-girl-shot-md-high-school-taken-off-life-support-family-says/,"16-year-old girl shot at Md. high school taken off life support, family says"
177,t3_86my1z,https://sc.mp/2pBkvpv,China accuses US of ‘serious provocation’ in South China Sea
178,t3_86cg7n,https://www.washingtonpost.com/politics/trump-attorney-john-dowd-resigns-amid-shake-up-in-presidents-legal-team/2018/03/22/0472ce74-2de3-11e8-8688-e053ba58f1e4_story.html?utm_term=.9c8ba9e619a7,Trump personal attorney John Dowd resigns
179,t3_86mue3,https://972mag.com/israel-hands-out-demolition-notices-to-entire-bedouin-village/133997/,"Israel to demolish a Bedouin village, build a Jewish town in its place"
180,t3_86lk7m,https://www.cnn.com/2018/03/23/asia/australia-beached-whales-intl/index.html,More than 140 whales die on Australian beach
181,t3_86kgn5,http://abcnews.go.com/International/wireStory/venezuela-president-solution-inflation-change-money-53949279,Venezuela president solution to inflation: Change money
182,t3_86mruh,https://www.npr.org/sections/alltechconsidered/2018/03/21/591622450/section-230-a-key-legal-shield-for-facebook-google-is-about-to-change,"Section 230: A Key Legal Shield For Facebook, Google Is About To Change"
183,t3_86gxtf,https://www.usatoday.com/story/tech/news/2018/03/22/bye-facebook-hello-instagram-users-make-beeline-facebook-owned-social-network/433361002/,"Bye Facebook, hello Instagram: Users head for Facebook-owned social network"
184,t3_86j1ln,http://www.foxnews.com/us/2018/03/21/florida-men-one-dressed-in-bull-onesie-attempt-to-burn-down-house-with-ragu-sauce-police-say.html,"Florida men, one dressed in bull onesie, attempt to burn down house with Ragu sauce police say"
185,t3_86gjwn,https://www.inverse.com/article/42712-west-texas-sinkholes-oil-drilling-fluid-injection,"More Sinkholes Could Form as Texas is 'Punctured Like a Pin Cushion':""The ground movement we're seeing is not normal."""
186,t3_86bbca,https://www.thedailybeast.com/charges-dropped-against-turkish-officers-from-dc-brawl,No Charge for 11 Turkish Agents Accused of Attacking D.C. Protesters
187,t3_86nmuu,http://www.fox5atlanta.com/news/i-team/family-demands-10-million-for-death-of-son-in-gwinnett-jail,Family demands $10 million for death of son in Gwinnett jail - Story
188,t3_86lx5t,https://www.cnbc.com/2018/03/23/former-georgia-governor-and-us-senator-zell-miller-dies-at-86.html,Former Georgia governor and US senator Zell Miller dies at 86
189,t3_86lxoz,https://www.theglobeandmail.com/world/article-beijing-warns-of-peoples-war-against-us-with-chinese-consumers/,Beijing warns of ‘people’s war’ against U.S.: Chinese consumers now global superpower
190,t3_86krfn,https://www.justice.gov/live?utm_medium=email&amp;utm_source=govdelivery,Deputy Attorney General Rod Rosenstein and other law enforcement officials will hold a press conference for a major cyber law enforcement announcement. (10:00 ET)
191,t3_86p7fw,https://news.sky.com/story/easyjet-pilots-suspended-over-mid-flight-snapchat-clips-11300947,EasyJet pilots suspended over mid-flight Snapchat clips
192,t3_86pu0i,https://www.washingtonpost.com/world/the_americas/perus-new-president-vows-to-tackle-endemic-corruption/2018/03/23/e9e27782-2efd-11e8-8dc9-3b51e028b845_story.html?utm_term=.1338c1e0085e,Peru's new president vows to tackle endemic corruption
193,t3_86m7cs,http://www.wkyt.com/content/news/Senate-OKs-bill-to-ban-abortion-procedure-after-11-weeks-477690343.html,Senate OKs bill to ban abortion procedure after 11 weeks
194,t3_86kkxo,http://www.bbc.com/news/uk-politics-43489457,Russian spy: EU recalls Russia ambassador after nerve agent attack
195,t3_86mldh,https://wwjnews.radio.com/articles/michigan-man-accused-streaming-shooting-facebook-live,Michigan Man Accused Of Streaming Shooting On Facebook Live
196,t3_86gnzt,https://www.ice.gov/news/releases/ice-hsi-texarkana-arrests-120-people-during-illegal-cockfighting-event,ICE arrests 120 people during illegal cockfighting event in Arkansas
197,t3_86lh8e,https://www.cnbc.com/2018/03/23/us-indicts-iranian-nationals-in-iran-government-backed-scheme-on-us-universities.html,"Iranians cyber-attacked college professors, government agencies and companies: Justice Department"
198,t3_86bk7f,http://www.bbc.com/news/technology-43500714,YouTube gun ban drives bloggers to PornHub
199,t3_86gagk,http://www.kgw.com/article/news/local/oregon-initiative-would-ban-assault-weapons-require-owners-to-surrender-certain-guns/283-530640255,"Oregon initiative would ban assault weapons, require owners to surrender certain guns"
200,t3_86l02g,http://www.richmond.com/news/local/crime/bank-robber-s-surprise-confession-frees-innocent-man-but-it/article_04b54a9f-af2e-5d3f-b598-167c123b7036.html,"Bank robber’s surprise confession frees innocent man [after a decade], but it doesn't ease his conscience"
201,t3_86lr2e,http://abcnews.go.com/amp/GMA/Culture/anton-yelchins-parents-reach-settlement-fiat-chrysler/story?id=53962143,How Anton Yelchin's parents will honor his memory after settling lawsuit with Fiat Chrysler
202,t3_86f6e0,http://money.cnn.com/2018/03/22/investing/dow-jones-trade-war-china/index.html,Dow plunges 724 points as trade war fears rock Wall Street
203,t3_86xvbx,https://www.wpxi.com/news/top-stories/undocumented-immigrant-accused-in-burglary-spree-in-pittsburgh-area-1/720713630,Undocumented immigrant accused in burglary spree in Pittsburgh area
204,t3_86mxqs,https://www.reuters.com/article/us-britain-russia-eu/europeans-promise-more-steps-against-russia-over-uk-spy-attack-idUSKBN1GZ166?il=0,Europeans promise more steps against Russia over UK spy attack
205,t3_86maut,http://via.fox2now.com/IlC20,Missing Iowa family was set to land in St. Louis from Mexico
206,t3_86kkbz,https://www.cincinnati.com/story/news/2018/03/22/university-cincinnati-pays-cop-who-killed-sam-dubose/450587002/,Tensing settlement: University of Cincinnati pays ex-cop who killed Sam DuBose
207,t3_86d762,https://www.wthr.com/article/governor-signs-bill-making-cbd-oil-legal-in-indiana,Governor signs bill making CBD oil legal in Indiana
208,t3_86lzja,https://www.usatoday.com/story/travel/cruises/2018/03/23/royal-caribbean-takes-delivery-symphony-seas-worlds-largest-cruise-ship/449058002/?,"Royal Caribbean takes delivery of Symphony of the Seas, world's largest cruise ship"
209,t3_86ekjs,http://time.com/5211521/kansas-crusaders-bomb-plot-somali-muslims/,"Kansas Militia Members Known as 'The Crusaders' Wanted to Kill Muslims, Prosecutors Say"
210,t3_86lp92,http://wtvr.com/2018/03/22/these-d-c-moms-are-finding-housing-for-march-for-our-lives-students/,This mom’s tweet helped 500 students find free housing for March for Our Lives. (news article)
211,t3_86eh0z,https://wwjnews.radio.com/articles/police-warren-grandma-accidentally-shoots-toddler-ak-47,Grandma Accidentally Shoots Toddler With AK-47
212,t3_86hfoa,https://appleinsider.com/articles/18/03/22/police-using-fingerprints-dead-suspects-to-unlock-apple-iphones,Police using fingerprints of dead suspects to unlock Apple iPhones
213,t3_86mtf2,https://www.stripes.com/news/restrictions-on-va-dog-testing-included-in-massive-spending-bill-1.518281,Restrictions on VA dog testing included in massive spending bill
214,t3_86hpy5,https://www.theguardian.com/us-news/2018/mar/23/former-playboy-model-karen-mcdougal-says-trump-offered-cash-after-sex,Former Playboy model Karen McDougal says Trump offered cash after sex
215,t3_86kqr9,https://www.emirates247.com/offbeat/crazy-world/romanian-court-says-dead-man-can-get-driving-license-back-2018-03-23-1.667193,Romanian court says dead man can get his driving license back.
216,t3_86m9mz,https://www.cnn.com/2018/03/22/politics/donald-trump-china-tariffs-trade-war/index.html,"Trump hits China with tariffs, heightening concerns of global trade war"
217,t3_86jf8g,https://www.theverge.com/platform/amp/2018/3/22/17152120/digital-downloads-cd-vinyl-riaa-2017-report,Digital download sales fall below cd and vinyl
218,t3_86iccr,https://www.theguardian.com/world/2018/mar/22/bill-cosby-trial-latest-lawyers-ask-judge-step-aside-over-wife-assault-victims,"Bill Cosby lawyers ask judge to step aside over his wife's work with assault victims Cosby’s team contends that the judge’s rulings could appear to be influenced by his wife, an ‘activist and advocate for assault victims’"
219,t3_86j8wt,https://9to5mac.com/2018/03/22/police-fingerprints-iphone-face-id/,Report examines how police use fingerprints of dead people to unlock iPhones &amp; how Face ID is also vulnerable
220,t3_86caio,https://www.cnbc.com/2018/03/22/rents-are-rising-at-the-fastest-pace-in-almost-two-years.html,Rents are rising at the fastest pace in almost two years
221,t3_86knfi,http://www.bbc.com/news/world-asia-43497017,South Korea to shut off computers to stop people working late
222,t3_86l0zc,http://fox40.com/2018/03/22/fbi-arrests-former-stockton-mayor-anthony-silva/,Former Stockton Mayor Anthony Silva Arrested for Violating Terms of Protective Order
223,t3_86eupm,http://www.ksdk.com/article/news/nation-world/dow-tumbles-more-than-700-points-as-trade-war-fears-intensify/507-531039191,Dow tumbles more than 700 points as trade war fears intensify
224,t3_86l7j1,https://www.reuters.com/article/us-britain-russia-eu/europeans-to-take-new-steps-against-russia-over-uk-spy-idUSKBN1GZ166,Europeans to take new steps against Russia over UK spy
225,t3_86f17f,https://apnews.com/d10619351621427e89af77e62b43e1ee,The Latest: US to sell $1 billion in arms to Saudi Arabia
226,t3_86ivwn,https://www.cnn.com/2018/03/22/us/marjory-stoneman-douglas-clear-backpack-trnd/index.html,Marjory Stoneman Douglas will require students to carry only clear backpacks
227,t3_86axu3,http://www.bbc.com/news/world-asia-43497017,South Korea to shut off computers to stop people working late
228,t3_86hmj6,https://www.seattletimes.com/seattle-news/crime/this-is-now-a-crime-scene-trail-steward-recalls-finding-illegal-gingerbread-house-filled-with-child-porn/?utm_source=facebook&amp;utm_medium=social&amp;utm_campaign=article_left_1.1,‘This is now a crime scene’: Trail steward recalls finding illegal ‘gingerbread house’ filled with child porn
229,t3_86g38k,http://www.bbc.co.uk/news/technology-40643904,Nearly 70% of those aged 12-20 admit being abusive towards another person online.
230,t3_86jecy,http://www.latimes.com/world/asia/la-fg-australia-whales-20180323-story.html,Most of over 150 stranded whales die on Australian beach
231,t3_86dmnh,https://www.cbsnews.com/news/citigroup-imposes-restrictions-on-gun-sales-by-business-clients/,Citigroup restricts gun sales by customers
232,t3_86i3yv,https://www.billboard.com/articles/business/8257558/us-music-industry-2017-highest-revenue-in-decade-fueled-paid-subscriptions,"U.S. Music Industry Hits Highest Revenue Mark in a Decade, Fueled by Paid Subscriptions."
233,t3_86cr21,http://www.tulsaworld.com/news/usworld/world-s-largest-collection-of-ocean-garbage-is-now-twice/article_0f7b28ae-b883-568c-ad61-10af3b386d2e.html,World's largest collection of ocean garbage is now twice the size of Texas
234,t3_86d6wp,https://www.telegraph.co.uk/science/2018/03/22/bizarre-six-inch-alien-skeleton-found-buried-desert-human-baby/,"Bizarre six-inch 'alien' skeleton found buried in desert was human baby, scientists confirm"
235,t3_86f3r3,https://www.theverge.com/2018/3/22/17152120/digital-downloads-cd-vinyl-riaa-2017-report,CDs and vinyl are more popular than digital downloads once again
236,t3_868a5i,https://www.cnn.com/2018/03/21/us/nevada-teen-suspended-congressman-amodei-trnd/index.html,Nevada teen called his congressman and dropped an F-bomb while demanding action on guns. His school suspended him.
237,t3_86ia7k,https://www.theglobeandmail.com/canada/article-journalist-faces-unprecedented-criminal-charges-over-coverage-of/,Journalist faces unprecedented criminal charges over coverage of Muskrat Falls protest
238,t3_86i64t,https://www.denverpost.com/2018/03/21/ricardo-corral-venegas-sex-assault-aurora/,"Former police officer from Mexico sentenced to 72 years to life for sexually assaulting Aurora woman, other felonies"
239,t3_86gd9k,http://www.cbc.ca/news/canada/nova-scotia/on-the-night-he-nearly-died-this-man-resorted-to-leaving-the-er-to-call-911-for-help-1.4586010,"On the night he nearly died, this man resorted to leaving the ER to call 911 for help"
240,t3_867iv3,http://fox17.com/news/local/tennessee-man-wrongly-jailed-for-31-years-finally-becomes-a-millionaire,Tennessee man wrongly jailed for 31 years finally becomes a millionaire
241,t3_86hlew,https://www.cnet.com/news/huawei-dealt-blow-loses-best-buy-as-smartphone-laptop-smartwatch-retailer/,Best Buy to stop selling Huawei devices
